n,trial,comparisons,buggy_count,expected_exact
1000,1,252468,251476,250742.515
1000,2,247947,246951,250742.515
1000,3,251134,250140,250742.515
1500,1,561382,559888,563617.109
1500,2,589887,588394,563617.109
1500,3,570660,569164,563617.109
2000,1,980879,978887,1001491.822
2000,2,1017483,1015490,1001491.822
2000,3,986829,984836,1001491.822
2500,1,1572687,1570194,1564366.599
2500,2,1567657,1565169,1564366.599
2500,3,1552833,1550346,1564366.599
3000,1,2269522,2266533,2252241.416
3000,2,2275226,2272234,2252241.416
3000,3,2288414,2285424,2252241.416
3500,1,3042164,3038674,3065116.262
3500,2,3119092,3115597,3065116.262
3500,3,3023753,3020263,3065116.262
4000,1,4064416,4060422,4002991.129
4000,2,4019105,4015109,4002991.129
4000,3,4064877,4060890,4002991.129
4500,1,5044999,5040507,5065866.011
4500,2,5079916,5075422,5065866.011
4500,3,5079033,5074540,5065866.011
5000,1,6368058,6363065,6253740.905
5000,2,6225729,6220737,6253740.905
5000,3,6214398,6209405,6253740.905
5500,1,7754299,7748812,7566615.810
5500,2,7550204,7544713,7566615.810
5500,3,7605003,7599510,7566615.810
6000,1,8851344,8845351,9004490.723
6000,2,9074179,9068189,9004490.723
6000,3,9040402,9034414,9004490.723
6500,1,10385304,10378814,10567365.643
6500,2,10671988,10665496,10567365.643
6500,3,10720211,10713720,10567365.643
7000,1,12284451,12277457,12255240.569
7000,2,12241953,12234966,12255240.569
7000,3,12192661,12185672,12255240.569
7500,1,14034922,14027430,14068115.500
7500,2,14048952,14041466,14068115.500
7500,3,14029534,14022045,14068115.500
8000,1,15869260,15861270,16005990.436
8000,2,16108037,16100042,16005990.436
8000,3,15993183,15985193,16005990.436
8500,1,17934119,17925629,18068865.375
8500,2,18014776,18006284,18068865.375
8500,3,18077260,18068772,18068865.375
9000,1,20106724,20097733,20256740.318
9000,2,20166442,20157456,20256740.318
9000,3,20415294,20406302,20256740.318
9500,1,22836680,22827189,22569615.264
9500,2,22743091,22733602,22569615.264
9500,3,22740676,22731184,22569615.264
