n,trials,mean_comparisons,expected_exact,mean_buggy_count,mean_time_ms,median_time_ms
1000,3,250516.33,250742.515,249522.33,9.7687,9.6720
1500,3,573976.33,563617.109,572482.00,22.4190,22.0278
2000,3,995063.67,1001491.822,993071.00,39.2871,38.9768
2500,3,1564392.33,1564366.599,1561903.00,67.5161,67.4082
3000,3,2277720.67,2252241.416,2274730.33,111.7141,113.3091
3500,3,3061669.67,3065116.262,3058178.00,137.5129,139.7192
4000,3,4049466.00,4002991.129,4045473.67,200.3434,193.7212
4500,3,5067982.67,5065866.011,5063489.67,217.6731,212.4682
5000,3,6269395.00,6253740.905,6264402.33,254.7440,255.7154
5500,3,7636502.00,7566615.810,7631011.67,332.5207,325.7727
6000,3,8988641.67,9004490.723,8982651.33,427.5070,427.1570
6500,3,10592501.00,10567365.643,10586010.00,501.1277,486.7014
7000,3,12239688.33,12255240.569,12232698.33,579.5896,560.2578
7500,3,14037802.67,14068115.500,14030313.67,714.7440,677.8316
8000,3,15990160.00,16005990.436,15982168.33,740.2809,733.1779
8500,3,18008718.33,18068865.375,18000228.33,844.4162,848.5553
9000,3,20229486.67,20256740.318,20220497.00,924.9297,937.4138
9500,3,22773482.33,22569615.264,22763991.67,992.6435,969.4828
