n,trial,time_ms
1000,1,9.6720
1000,2,9.4375
1000,3,10.1966
1500,1,21.8880
1500,2,23.3412
1500,3,22.0278
2000,1,38.3388
2000,2,40.5455
2000,3,38.9768
2500,1,62.6653
2500,2,67.4082
2500,3,72.4749
3000,1,118.6337
3000,2,113.3091
3000,3,103.1994
3500,1,127.6462
3500,2,145.1734
3500,3,139.7192
4000,1,224.2186
4000,2,183.0904
4000,3,193.7212
4500,1,212.4682
4500,2,230.4370
4500,3,210.1142
5000,1,255.7154
5000,2,244.3288
5000,3,264.1879
5500,1,325.2847
5500,2,325.7727
5500,3,346.5048
6000,1,427.1570
6000,2,433.3315
6000,3,422.0326
6500,1,461.2285
6500,2,555.4531
6500,3,486.7014
7000,1,543.6085
7000,2,634.9025
7000,3,560.2578
7500,1,677.8316
7500,2,811.4779
7500,3,654.9225
8000,1,733.1779
8000,2,813.7948
8000,3,673.8700
8500,1,848.5553
8500,2,814.0844
8500,3,870.6089
9000,1,937.4138
9000,2,954.7237
9000,3,882.6516
9500,1,969.4828
9500,2,958.5959
9500,3,1049.8517
