n,trials,mean_comparisons,expected_exact,mean_buggy_count,mean_time_ms,median_time_ms
1000,20,251451.80,250742.515,250459.70,0.0611,0.0613
1500,20,562079.15,563617.109,560587.50,0.1304,0.1274
2000,20,1007587.50,1001491.822,1005595.15,0.2293,0.2256
2500,20,1569718.30,1564366.599,1567226.70,0.3592,0.3602
3000,20,2262042.90,2252241.416,2259051.25,0.4982,0.5030
3500,20,3072711.35,3065116.262,3069220.10,0.6595,0.6652
4000,20,3994474.85,4002991.129,3990484.65,0.8573,0.8641
4500,20,5062582.50,5065866.011,5058091.35,1.1474,1.1440
5000,20,6258223.05,6253740.905,6253231.10,1.3439,1.3527
5500,20,7575267.50,7566615.810,7569777.40,1.6140,1.6274
6000,20,9041622.00,9004490.723,9035630.90,1.8346,1.7997
6500,20,10543695.95,10567365.643,10537205.35,2.1459,2.1422
7000,20,12313146.05,12255240.569,12306156.35,2.4372,2.4159
7500,20,14044981.00,14068115.500,14037489.65,2.9491,2.9676
8000,20,16044196.05,16005990.436,16036204.20,3.2472,3.1785
8500,20,18050932.55,18068865.375,18042442.70,3.5044,3.4474
9000,20,20235929.25,20256740.318,20226938.60,4.2788,3.9104
9500,20,22609024.45,22569615.264,22599532.95,4.5680,4.5002
