n,trial,time_ms
1000,1,0.0728
1000,2,0.0612
1000,3,0.0609
1000,4,0.0578
1000,5,0.0650
1000,6,0.0567
1000,7,0.0615
1000,8,0.0620
1000,9,0.0697
1000,10,0.0632
1000,11,0.0530
1000,12,0.0581
1000,13,0.0563
1000,14,0.0547
1000,15,0.0583
1000,16,0.0625
1000,17,0.0593
1000,18,0.0622
1000,19,0.0633
1000,20,0.0627
1500,1,0.1437
1500,2,0.1418
1500,3,0.1440
1500,4,0.1354
1500,5,0.1557
1500,6,0.1321
1500,7,0.1390
1500,8,0.1276
1500,9,0.1246
1500,10,0.1323
1500,11,0.1407
1500,12,0.1228
1500,13,0.1215
1500,14,0.1190
1500,15,0.1225
1500,16,0.1249
1500,17,0.1264
1500,18,0.1195
1500,19,0.1068
1500,20,0.1271
2000,1,0.1924
2000,2,0.1891
2000,3,0.2038
2000,4,0.2349
2000,5,0.2433
2000,6,0.2266
2000,7,0.2467
2000,8,0.2223
2000,9,0.2505
2000,10,0.2170
2000,11,0.2442
2000,12,0.2246
2000,13,0.3583
2000,14,0.2387
2000,15,0.2131
2000,16,0.2360
2000,17,0.2148
2000,18,0.2296
2000,19,0.1883
2000,20,0.2121
2500,1,0.3630
2500,2,0.3241
2500,3,0.3502
2500,4,0.3766
2500,5,0.3875
2500,6,0.3779
2500,7,0.3881
2500,8,0.3698
2500,9,0.3922
2500,10,0.3080
2500,11,0.3179
2500,12,0.3255
2500,13,0.4117
2500,14,0.3573
2500,15,0.3485
2500,16,0.3575
2500,17,0.3525
2500,18,0.3711
2500,19,0.3684
2500,20,0.3353
3000,1,0.5348
3000,2,0.5072
3000,3,0.5134
3000,4,0.4717
3000,5,0.4342
3000,6,0.4716
3000,7,0.4651
3000,8,0.4865
3000,9,0.4988
3000,10,0.5085
3000,11,0.5660
3000,12,0.5359
3000,13,0.5408
3000,14,0.5159
3000,15,0.5560
3000,16,0.5504
3000,17,0.4433
3000,18,0.4337
3000,19,0.4810
3000,20,0.4489
3500,1,0.5610
3500,2,0.5718
3500,3,0.6171
3500,4,0.6477
3500,5,0.6763
3500,6,0.6340
3500,7,0.6027
3500,8,0.5982
3500,9,0.6728
3500,10,0.7173
3500,11,0.6245
3500,12,0.6933
3500,13,0.6660
3500,14,0.7173
3500,15,0.7514
3500,16,0.6645
3500,17,0.7179
3500,18,0.7346
3500,19,0.6474
3500,20,0.6743
4000,1,0.8543
4000,2,0.8907
4000,3,0.9122
4000,4,0.8781
4000,5,0.9340
4000,6,0.9160
4000,7,0.8677
4000,8,0.8930
4000,9,0.9059
4000,10,0.9118
4000,11,0.7860
4000,12,0.8604
4000,13,0.7874
4000,14,0.7907
4000,15,0.8871
4000,16,0.7675
4000,17,0.8570
4000,18,0.8231
4000,19,0.8420
4000,20,0.7810
4500,1,1.0551
4500,2,1.0545
4500,3,1.1718
4500,4,1.1452
4500,5,1.3485
4500,6,1.1424
4500,7,1.1347
4500,8,1.2548
4500,9,1.1367
4500,10,1.1695
4500,11,1.0863
4500,12,1.1429
4500,13,1.1546
4500,14,1.0912
4500,15,1.0964
4500,16,1.1641
4500,17,1.1949
4500,18,1.1600
4500,19,1.1680
4500,20,1.0770
5000,1,1.3971
5000,2,1.3087
5000,3,1.3996
5000,4,1.3721
5000,5,1.3809
5000,6,1.3510
5000,7,1.4019
5000,8,1.3645
5000,9,1.3360
5000,10,1.4582
5000,11,1.2021
5000,12,1.3030
5000,13,1.3483
5000,14,1.2800
5000,15,1.3626
5000,16,1.2926
5000,17,1.2850
5000,18,1.2942
5000,19,1.3544
5000,20,1.3858
5500,1,1.6460
5500,2,1.6244
5500,3,1.4743
5500,4,1.4887
5500,5,1.6382
5500,6,1.6368
5500,7,1.6694
5500,8,1.6304
5500,9,1.6956
5500,10,1.6026
5500,11,1.6807
5500,12,1.5978
5500,13,1.6048
5500,14,1.7275
5500,15,1.6926
5500,16,1.6890
5500,17,1.6234
5500,18,1.6134
5500,19,1.5489
5500,20,1.3959
6000,1,1.8731
6000,2,1.9912
6000,3,1.9983
6000,4,1.8034
6000,5,1.8352
6000,6,1.7797
6000,7,1.7959
6000,8,1.8634
6000,9,1.9980
6000,10,2.0493
6000,11,1.9915
6000,12,1.7725
6000,13,1.8146
6000,14,1.7423
6000,15,1.7274
6000,16,1.7397
6000,17,1.7581
6000,18,1.6973
6000,19,1.7639
6000,20,1.6967
6500,1,2.1007
6500,2,2.0078
6500,3,2.0810
6500,4,1.9707
6500,5,1.9943
6500,6,2.1701
6500,7,2.0544
6500,8,2.0658
6500,9,2.1209
6500,10,1.9981
6500,11,2.0917
6500,12,2.2463
6500,13,2.2145
6500,14,2.1636
6500,15,2.2767
6500,16,2.2544
6500,17,2.2383
6500,18,2.3762
6500,19,2.2275
6500,20,2.2646
7000,1,2.3290
7000,2,2.5556
7000,3,2.6085
7000,4,2.3556
7000,5,2.3559
7000,6,2.3942
7000,7,2.2500
7000,8,2.4173
7000,9,2.3859
7000,10,2.2811
7000,11,2.2935
7000,12,2.4627
7000,13,2.4144
7000,14,2.4901
7000,15,2.4631
7000,16,2.3496
7000,17,2.6900
7000,18,2.4664
7000,19,2.6159
7000,20,2.5645
7500,1,2.9495
7500,2,3.0049
7500,3,2.8556
7500,4,2.9032
7500,5,2.7752
7500,6,3.0910
7500,7,2.8231
7500,8,2.7777
7500,9,3.0772
7500,10,3.0557
7500,11,2.9857
7500,12,2.7647
7500,13,3.0610
7500,14,2.6375
7500,15,3.5118
7500,16,2.9953
7500,17,2.8100
7500,18,2.8009
7500,19,3.0514
7500,20,3.0514
8000,1,3.0268
8000,2,3.5558
8000,3,3.5821
8000,4,3.5384
8000,5,3.4538
8000,6,3.4011
8000,7,3.1941
8000,8,3.2156
8000,9,3.1290
8000,10,3.3893
8000,11,3.0001
8000,12,3.1629
8000,13,3.0540
8000,14,3.0482
8000,15,2.9309
8000,16,3.3818
8000,17,3.6213
8000,18,3.1492
8000,19,3.1215
8000,20,2.9887
8500,1,3.8205
8500,2,3.4518
8500,3,3.4701
8500,4,3.8312
8500,5,3.4986
8500,6,3.4396
8500,7,3.3605
8500,8,3.6336
8500,9,3.4184
8500,10,3.3748
8500,11,3.4532
8500,12,3.6406
8500,13,3.3672
8500,14,3.4430
8500,15,3.3730
8500,16,3.4010
8500,17,3.7804
8500,18,3.4329
8500,19,3.4613
8500,20,3.4357
9000,1,3.8153
9000,2,4.0024
9000,3,3.7987
9000,4,3.8056
9000,5,3.8589
9000,6,3.8877
9000,7,3.8743
9000,8,4.8699
9000,9,3.8789
9000,10,3.8504
9000,11,4.1523
9000,12,4.1777
9000,13,3.8774
9000,14,4.1307
9000,15,4.0146
9000,16,7.9012
9000,17,5.1839
9000,18,3.9065
9000,19,4.6761
9000,20,3.9144
9500,1,4.6351
9500,2,4.5614
9500,3,4.3588
9500,4,4.3079
9500,5,4.3422
9500,6,4.2111
9500,7,4.1917
9500,8,4.3259
9500,9,4.3934
9500,10,4.4391
9500,11,4.2394
9500,12,4.1549
9500,13,4.7840
9500,14,4.8707
9500,15,4.8655
9500,16,4.8457
9500,17,4.8734
9500,18,4.8899
9500,19,4.8407
9500,20,5.2283
